{"cameraMode":{"drawMode":0,"name":"Shaded","section":"Shading Mode"},"sceneLighting":true,"audioPlay":false,"sceneViewState":{"showFog":true,"showMaterialUpdate":false,"showSkybox":true,"showFlares":true,"showImageEffects":true,"showParticleSystems":true},"in2DMode":false,"pivot":{"x":-2.4811439514160158,"y":-5.204748153686523,"z":-13.658708572387696},"rotation":{"x":-0.05063525587320328,"y":0.9477909803390503,"z":-0.24889777600765229,"w":-0.19281664490699769},"size":28.239543914794923,"orthographic":false}