{"cameraMode":{"drawMode":0,"name":"Shaded","section":"Shading Mode"},"sceneLighting":true,"audioPlay":false,"sceneViewState":{"showFog":true,"showMaterialUpdate":false,"showSkybox":true,"showFlares":true,"showImageEffects":true,"showParticleSystems":true},"in2DMode":false,"pivot":{"x":-2.402627944946289,"y":-7.7077555656433109,"z":-12.15826416015625},"rotation":{"x":-0.05063525587320328,"y":0.9477909803390503,"z":-0.24889777600765229,"w":-0.19281664490699769},"size":29.336467742919923,"orthographic":false}